"409","禁止孩子談戀愛呂秋遠：家長先想想這些事| 蘋果日報","https://tw.appledaily.com/new/realtime/20170411/1095322/","禁止孩子談戀愛呂秋遠：家長先想想這些事| 蘋果日報"
"410","教孩子好好戀愛、好好分手/中學生-人際關係/親子天下","https://www.parenting.com.tw/article/5019922-%E6%95%99%E5%AD%A9%E5%AD%90%E5%A5%BD%E5%A5%BD%E6%88%80%E6%84%9B%E3%80%81%E5%A5%BD%E5%A5%BD%E5%88%86%E6%89%8B/","教孩子好好戀愛、好好分手/中學生-人際關係/親子天下"
"411","孩子談戀愛， 爸媽是敵人還是朋友@ 大家健康部落格:: 痞客邦PIXNET ::","http://jtfhealth.pixnet.net/blog/post/32002895-%E5%AD%A9%E5%AD%90%E8%AB%87%E6%88%80%E6%84%9B%EF%BC%8C-%E7%88%B8%E5%AA%BD%E6%98%AF%E6%95%B5%E4%BA%BA%E9%82%84%E6%98%AF%E6%9C%8B%E5%8F%8B","孩子談戀愛， 爸媽是敵人還是朋友@ 大家健康部落格:: 痞客邦PIXNET ::"
"412","你的小小孩談戀愛了嗎? | 育兒新知Babynews | in媽咪","http://babynews.in-mommy.com/2013/09/mykidfalleninlove.html","你的小小孩談戀愛了嗎? | 育兒新知Babynews | in媽咪"
"413","孩子談戀愛，爸媽是敵人還是朋友 - 大家健康雜誌","https://www.jtf.org.tw/health/Show.asp?This=1335","孩子談戀愛，爸媽是敵人還是朋友 - 大家健康雜誌"
"414","跟小孩子問這15個「戀愛大事」，他們的答案比大人還要有智慧！ - CMoney","https://www.cmoney.tw/notes/note-detail.aspx?nid=16966","跟小孩子問這15個「戀愛大事」，他們的答案比大人還要有智慧！ - CMoney"
"415","孩子談戀愛爸媽如何不擔心！ - 康健雜誌113期","http://www.commonhealth.com.tw/article/article.action?nid=63227","孩子談戀愛爸媽如何不擔心！ - 康健雜誌113期"
"416","孩子國中談戀愛，該干涉嗎？呂秋遠：想想你自己的15歲 TVBS新聞網","https://news.tvbs.com.tw/ttalk/detail/love/6350","孩子國中談戀愛，該干涉嗎？呂秋遠：想想你自己的15歲 TVBS新聞網"
"417","談戀愛為何總偷偷摸摸？ 其實孩子是對父母這件事反感！ | ETtoday親子 ...","https://www.ettoday.net/news/20170603/935490.htm","談戀愛為何總偷偷摸摸？ 其實孩子是對父母這件事反感！ | ETtoday親子 ..."
"418","孩子戀愛了，我卻很難欣賞他戀愛的對象？-未來Family","https://gfamily.cwgv.com.tw/content/index/6542","孩子戀愛了，我卻很難欣賞他戀愛的對象？-未來Family"
"419","當幼兒園孩子談「戀愛」時，他們到底在談什麼？ - 每日頭條","https://kknews.cc/zh-tw/baby/92az6xl.html","當幼兒園孩子談「戀愛」時，他們到底在談什麼？ - 每日頭條"
"420","孩子談戀愛，家長心要「大」。 - 每日頭條","https://kknews.cc/zh-tw/psychology/bxklz5m.html","孩子談戀愛，家長心要「大」。 - 每日頭條"
"421","談戀愛對自己負責不怕父母反對- 中時電子報","http://campus.chinatimes.com/20160819004044-262307","談戀愛對自己負責不怕父母反對- 中時電子報"
"422","教孩子好好戀愛、好好分手｜健康關係｜兩性關係｜2017-12-14｜親子 ...","https://www.cw.com.tw/article/article.action?id=5086854","教孩子好好戀愛、好好分手｜健康關係｜兩性關係｜2017-12-14｜親子 ..."
"423","孩子開始談戀愛了，該禁止嗎？跟孩子談「戀愛」的3堂入門課-教育｜親子 ...","http://www.storm.mg/lifestyle/66693","孩子開始談戀愛了，該禁止嗎？跟孩子談「戀愛」的3堂入門課-教育｜親子 ..."
"424","〈徵文大拼盤〉孩子談戀愛如何是好- 副刊- 自由時報電子報","http://news.ltn.com.tw/news/supplement/paper/962825","〈徵文大拼盤〉孩子談戀愛如何是好- 副刊- 自由時報電子報"
"425","[PDF]
子女戀愛篇-孩子談戀愛父母怎麼辦?","http://www.wufai.edu.tw/%E8%BC%94%E5%B0%8E%E5%AE%A4%E7%B6%B2%E9%A0%81/%E8%A6%AA%E8%81%B7%E6%95%99%E8%82%B2/data/%E5%AD%90%E5%A5%B3%E6%88%80%E6%84%9B%E7%AF%87.pdf","[PDF]
子女戀愛篇-孩子談戀愛父母怎麼辦?"
"426","小孩談戀愛怎麼辦 - 「爸媽頭很痛」小孩談戀愛怎麼辦@ 深夜遇見心理師 ...","http://counseloran.pixnet.net/blog/post/333370876-%E3%80%8C%E7%88%B8%E5%AA%BD%E9%A0%AD%E5%BE%88%E7%97%9B%E3%80%8D%E5%B0%8F%E5%AD%A9%E8%AB%87%E6%88%80%E6%84%9B%E6%80%8E%E9%BA%BC%E8%BE%A6","小孩談戀愛怎麼辦 - 「爸媽頭很痛」小孩談戀愛怎麼辦@ 深夜遇見心理師 ..."
"427","我的孩子戀愛了—關於「青少年感情世界」的一次對話（張純玲）","http://parented.tripod.com/sex/980602.htm","我的孩子戀愛了—關於「青少年感情世界」的一次對話（張純玲）"
"428","孩子談戀愛，父母怎麼辦？","http://www.beone.tw/index.php/2017-01-05-07-28-44/2017-01-05-09-39-14/15-2017-01-05-09-17-50","孩子談戀愛，父母怎麼辦？"
"429","真愛談戀愛×真愛橋- 這...現在小孩...長大還得了啊？... - Facebook","https://www.facebook.com/ichangego/videos/1079688915478104/","真愛談戀愛×真愛橋- 這...現在小孩...長大還得了啊？... - Facebook"
"430","有小孩後，記得找回戀愛時的甜蜜– 媽媽經｜專屬於媽媽的網站","https://mamaclub.com/learn/%E6%9C%89%E5%B0%8F%E5%AD%A9%E5%BE%8C%EF%BC%8C%E8%A8%98%E5%BE%97%E6%89%BE%E5%9B%9E%E6%88%80%E6%84%9B%E6%99%82%E7%9A%84%E7%94%9C%E8%9C%9C/","有小孩後，記得找回戀愛時的甜蜜– 媽媽經｜專屬於媽媽的網站"
"431","【隨筆】孩子可以自由戀愛嗎? @ 葉淇淇。愛分享，寫親子，聊心情，玩導購 ...","http://yoyokiki.pixnet.net/blog/post/43342219-%E3%80%90%E9%9A%A8%E7%AD%86%E3%80%91%E5%AD%A9%E5%AD%90%E5%8F%AF%E4%BB%A5%E8%87%AA%E7%94%B1%E6%88%80%E6%84%9B%E5%97%8E%3F","【隨筆】孩子可以自由戀愛嗎? @ 葉淇淇。愛分享，寫親子，聊心情，玩導購 ..."
"432","女兒小六談戀愛??有沒有爸媽有經驗的? - BabyHome親子討論區","https://forum.babyhome.com.tw/topic/4260616","女兒小六談戀愛??有沒有爸媽有經驗的? - BabyHome親子討論區"
"433","與地球認真談戀愛地球才能永遠愛小孩，上人文化《科學環保圖畫12書 ...","https://info.babyhome.com.tw/article/15017","與地球認真談戀愛地球才能永遠愛小孩，上人文化《科學環保圖畫12書 ..."
"434","幼兒教育大不同！德國小孩開始兩歲談戀愛父母完全不擔心| 生活| 三立 ...","http://www.setn.com/News.aspx?NewsID=221443","幼兒教育大不同！德國小孩開始兩歲談戀愛父母完全不擔心| 生活| 三立 ..."
"435","小孩談戀愛@ 苑子老師的部落格:: 痞客邦PIXNET ::","http://yuansan.pixnet.net/blog/post/310686129-%E5%B0%8F%E5%AD%A9%E8%AB%87%E6%88%80%E6%84%9B","小孩談戀愛@ 苑子老師的部落格:: 痞客邦PIXNET ::"
"436","一陣戀愛你不聽（小孩剪貼詩） | SOSreader","https://sosreader.com/n/old/article/24178","一陣戀愛你不聽（小孩剪貼詩） | SOSreader"
"437","談戀愛就變了個人？ - 如何照顧戀愛中的內在小孩- 失戀花園","https://inbound.tw/product/%E8%AB%87%E6%88%80%E6%84%9B%E5%B0%B1%E8%AE%8A%E4%BA%86%E5%80%8B%E4%BA%BA%E5%A6%82%E4%BD%95%E7%85%A7%E9%A1%A7%E6%88%80%E6%84%9B%E4%B8%AD%E7%9A%84%E5%85%A7%E5%9C%A8%E5%B0%8F%E5%AD%A9/","談戀愛就變了個人？ - 如何照顧戀愛中的內在小孩- 失戀花園"
"438","50個不思議戀愛心理測驗 - 第 24 頁 - Google 圖書結果","https://books.google.com.tw/books?id=6WTjBgAAQBAJ&pg=PA24&lpg=PA24&dq=%E5%B0%8F%E5%AD%A9+%E6%88%80%E6%84%9B&source=bl&ots=oBqRejmOoP&sig=OiWumpFELYcGmI33AH8zH8No4Hs&hl=zh-TW&sa=X&ved=0ahUKEwjEkL3Xy9jZAhVJupQKHdXHD8g4HhDoAQgpMAA","50個不思議戀愛心理測驗 - 第 24 頁 - Google 圖書結果"
"439","老人和小孩恋爱叫什么名字_百度知道","https://zhidao.baidu.com/question/692463092901259204.html","老人和小孩恋爱叫什么名字_百度知道"
"440","禁止談戀愛就可以了嗎？ - 生命不落國--生命因付出而有愛- udn部落格","http://blog.udn.com/lifeeducaiton/5179233","禁止談戀愛就可以了嗎？ - 生命不落國--生命因付出而有愛- udn部落格"
"441","談戀愛跟愛小孩原來是一樣的@ 母雞帶小雞:: 隨意窩Xuite日誌","http://blog.xuite.net/glanny/myblog/25527698-%E8%AB%87%E6%88%80%E6%84%9B%E8%B7%9F%E6%84%9B%E5%B0%8F%E5%AD%A9%E5%8E%9F%E4%BE%86%E6%98%AF%E4%B8%80%E6%A8%A3%E7%9A%84","談戀愛跟愛小孩原來是一樣的@ 母雞帶小雞:: 隨意窩Xuite日誌"
"442","談戀愛的人就像小孩子一樣..... - 痞客邦PIXNET","http://yuan19740421.pixnet.net/blog/post/79160157-%E8%AB%87%E6%88%80%E6%84%9B%E7%9A%84%E4%BA%BA%E5%B0%B1%E5%83%8F%E5%B0%8F%E5%AD%A9%E5%AD%90%E4%B8%80%E6%A8%A3.....","談戀愛的人就像小孩子一樣..... - 痞客邦PIXNET"
"443","戀愛中，你被寵成了小孩，他卻累成了狗- Q博士","https://www.pixpo.net/love/0INbxYRC.html","戀愛中，你被寵成了小孩，他卻累成了狗- Q博士"
"444","不當乖小孩不行嗎?:一定要建立的正確價值觀","https://books.google.com.tw/books?id=HI9GDwAAQBAJ&pg=PA144&lpg=PA144&dq=%E5%B0%8F%E5%AD%A9+%E6%88%80%E6%84%9B&source=bl&ots=ME-PtmWHeo&sig=o0t527-L8NT70ye_nBmD6V2Mqcg&hl=zh-TW&sa=X&ved=0ahUKEwjEkL3Xy9jZAhVJupQKHdXHD8g4HhDoAQhIMAY","不當乖小孩不行嗎?:一定要建立的正確價值觀"
"445","一戀愛心智就像三歲小孩的星座女- COCOHK","http://www.cocohk.cc/post/644816?r=redred","一戀愛心智就像三歲小孩的星座女- COCOHK"
"446","小孩早熟談戀愛父母怎面對？ | 媽媽育兒百科","https://mombaby.tw/article9322.html","小孩早熟談戀愛父母怎面對？ | 媽媽育兒百科"
"447","99年的小孩问我：你会谈恋爱吗？不会我教你_中华头条_中华网","http://toutiao.china.com/qgsy/gundong/13000139/20171205/31766076_all.html","99年的小孩问我：你会谈恋爱吗？不会我教你_中华头条_中华网"
"448","兒少戀愛ING?! - 兒童福利聯盟","https://www.children.org.tw/news/advocacy_detail/891","兒少戀愛ING?! - 兒童福利聯盟"
"449","田馥甄Hebe老實說：「我覺得女生都需要戀愛！」 | Marie Claire 美麗佳人","https://www.marieclaire.com.tw/celebrity/story/23407/","田馥甄Hebe老實說：「我覺得女生都需要戀愛！」 | Marie Claire 美麗佳人"
"450","南方都市报：当幼儿园孩子谈“恋爱”时，他们到底在谈什么？","http://m.mp.oeeee.com/a/BAAFRD00002017021527169.html","南方都市报：当幼儿园孩子谈“恋爱”时，他们到底在谈什么？"
"451","小孩眼中的「戀愛大事」 童言童語逗樂你- 發現新鮮事","http://www.espialnews.com/index.php/2017/12/14/%E5%B0%8F%E5%AD%A9%E7%9C%BC%E4%B8%AD%E7%9A%84%E3%80%8C%E6%88%80%E6%84%9B%E5%A4%A7%E4%BA%8B%E3%80%8D-%E7%AB%A5%E8%A8%80%E7%AB%A5%E8%AA%9E%E9%80%97%E6%A8%82%E4%BD%A0/","小孩眼中的「戀愛大事」 童言童語逗樂你- 發現新鮮事"
"452","【小孩大開講！他們早就想的跟大人不一樣！！】20160718 綜藝大熱門 ...","https://www.youtube.com/watch?v=kPTSHjgsT_c","【小孩大開講！他們早就想的跟大人不一樣！！】20160718 綜藝大熱門 ..."
"453","父母不願意面對的真相！我的小孩戀愛了！？2013年4月5日節目預告 ...","https://www.babyou.com/opencms/channel5/Babyou013472.html","父母不願意面對的真相！我的小孩戀愛了！？2013年4月5日節目預告 ..."
"454","見習探員Queen | #11 欺負人的小孩和戀愛事件| sanpachi | comico全彩 ...","http://www.comico.com.tw/11/11/","見習探員Queen | #11 欺負人的小孩和戀愛事件| sanpachi | comico全彩 ..."
"455","(轉載)教孩子好好戀愛、好好分手@ 文苑老師的部落格:: 痞客邦PIXNET ::","http://mandymimi.pixnet.net/blog/post/35918897-%28%E8%BD%89%E8%BC%89%29%E6%95%99%E5%AD%A9%E5%AD%90%E5%A5%BD%E5%A5%BD%E6%88%80%E6%84%9B%E3%80%81%E5%A5%BD%E5%A5%BD%E5%88%86%E6%89%8B","(轉載)教孩子好好戀愛、好好分手@ 文苑老師的部落格:: 痞客邦PIXNET ::"
"456","14歲小孩戀愛17歲生孩這樣的後果又是什麼- 壹讀","https://read01.com/myEAno.html","14歲小孩戀愛17歲生孩這樣的後果又是什麼- 壹讀"
"457","如果男朋友只谈恋爱不想结婚生孩子怎么办？ - 知乎","https://www.zhihu.com/question/27274700","如果男朋友只谈恋爱不想结婚生孩子怎么办？ - 知乎"
"458","為甚麼父母不讓小孩談戀愛? - 小蕃薯- 超欠揍猜謎","http://kids.yam.com/riddle/riddle.php?aid=516686&sid=0","為甚麼父母不讓小孩談戀愛? - 小蕃薯- 超欠揍猜謎"
"459","唐立淇：父母如何察覺12星座小孩的戀愛徵兆？ - Lady M。拼經濟事務所","http://cigna.pixnet.net/blog/post/26809139-%E5%94%90%E7%AB%8B%E6%B7%87%EF%BC%9A%E7%88%B6%E6%AF%8D%E5%A6%82%E4%BD%95%E5%AF%9F%E8%A6%BA12%E6%98%9F%E5%BA%A7%E5%B0%8F%E5%AD%A9%E7%9A%84%E6%88%80%E6%84%9B%E5%BE%B5%E5%85%86","唐立淇：父母如何察覺12星座小孩的戀愛徵兆？ - Lady M。拼經濟事務所"
"460","爸媽囧很大About Sex 20130822 單親小孩談戀愛?! 失婚媽媽窮緊張 ...","http://2013a.vslovetv.com/2013/08/about-sex-20130822.html","爸媽囧很大About Sex 20130822 單親小孩談戀愛?! 失婚媽媽窮緊張 ..."
"461","养个孩子再恋爱|官方在线漫画全集-快看漫画","http://www.kuaikanmanhua.com/web/topic/1110/","养个孩子再恋爱|官方在线漫画全集-快看漫画"
"462","父母的苦惱：青春期的孩子，只顧談戀愛不念書？精神科醫師的建議是 ...","https://health.businessweekly.com.tw/AArticle.aspx?id=ARTL000044127","父母的苦惱：青春期的孩子，只顧談戀愛不念書？精神科醫師的建議是 ..."
"463","[PDF]
國中生適合談戀愛嗎？ 諮商心理師張義平現代的孩子在生理發育上越來 ...","http://tscc.tp.edu.tw/sites/default/files/web-pages-attach/%E5%9C%8B%E4%B8%AD%E7%94%9F%E9%81%A9%E5%90%88%E8%AB%87%E6%88%80%E6%84%9B%E5%97%8E-%E6%80%A7%E5%88%A5%E6%95%99%E8%82%B2OK.pdf","[PDF]
國中生適合談戀愛嗎？ 諮商心理師張義平現代的孩子在生理發育上越來 ..."
"464","每個人都想談戀愛歌詞陳曉東※ Mojim.com 魔鏡歌詞網","https://mojim.com/twy100119x32x18.htm","每個人都想談戀愛歌詞陳曉東※ Mojim.com 魔鏡歌詞網"
"465","让中学的孩子谈场恋爱吧| 海外文轩","http://www.overseaswindow.com/node/23589","让中学的孩子谈场恋爱吧| 海外文轩"
"466","99年的小孩問我：你會談戀愛嗎？不會我教你-中國新聞網","https://www.xcnnews.com/cul/2268707.html","99年的小孩問我：你會談戀愛嗎？不會我教你-中國新聞網"
"467","五招教孩子談戀愛 - 溫馨歇腳處- 文章分享","http://album.shmps.kh.edu.tw/~blog/modules/tadnews/index.php?nsn=53","五招教孩子談戀愛 - 溫馨歇腳處- 文章分享"
"468","愛上年紀大的男人@ 閒閒桂夫人:: 痞客邦PIXNET ::","http://yoyovilla.pixnet.net/blog/post/14985689-%E6%84%9B%E4%B8%8A%E5%B9%B4%E7%B4%80%E5%A4%A7%E7%9A%84%E7%94%B7%E4%BA%BA","愛上年紀大的男人@ 閒閒桂夫人:: 痞客邦PIXNET ::"
"469","[討論] 你們會禁止孩子學生時代談戀愛嗎? - 看板Boy-Girl - 批踢踢實業坊","https://www.ptt.cc/bbs/Boy-Girl/M.1498866900.A.0A4.html","[討論] 你們會禁止孩子學生時代談戀愛嗎? - 看板Boy-Girl - 批踢踢實業坊"
"470","生活中的法文：戀愛是一輩子的事！法國人的愛情觀｜女人迷Womany","http://womany.net/read/article/5909","生活中的法文：戀愛是一輩子的事！法國人的愛情觀｜女人迷Womany"
"471","《戀愛與謊言》那個來自於十年後的「恋の指輪物語」(特別編 ...","https://home.gamer.com.tw/creationDetail.php?sn=3694485","《戀愛與謊言》那個來自於十年後的「恋の指輪物語」(特別編 ..."
"472","女孩子千万别随便就恋爱，会没命的！ - 日记- 豆瓣","https://m.douban.com/note/645517021/","女孩子千万别随便就恋爱，会没命的！ - 日记- 豆瓣"
"473","孩子谈恋爱父母该是敌人还是朋友？-搜狐教育","http://learning.sohu.com/20140331/n397513365.shtml","孩子谈恋爱父母该是敌人还是朋友？-搜狐教育"
"474","偷偷談戀愛有甚麼危險？ — 守望台線上書庫 - JW.org","https://wol.jw.org/sv/wol/d/r24/lp-ch/1102008092","偷偷談戀愛有甚麼危險？ — 守望台線上書庫 - JW.org"
"475","【單身90後顏面何在啊！】現在的小孩怎麼都那麼早熟呢！？13歲就已經 ...","http://www.twgreatdaily.com/cat43/node1501785","【單身90後顏面何在啊！】現在的小孩怎麼都那麼早熟呢！？13歲就已經 ..."
"476","《恋爱的发现》小孩都笑郑裕美脸上粘了东西，文晸赫非得说可爱！甜_ ...","https://v.qq.com/x/page/j03824vvhsy.html","《恋爱的发现》小孩都笑郑裕美脸上粘了东西，文晸赫非得说可爱！甜_ ..."
"477","5 堂課安撫你心中缺乏安全感的小孩，還你一段成熟、持久的戀愛 ...","https://buzzorange.com/vidaorange/2017/07/24/insecurities/","5 堂課安撫你心中缺乏安全感的小孩，還你一段成熟、持久的戀愛 ..."
"478","5.當孩子的戀愛軍師 汪詠黛-","http://guide.cpshs.hcc.edu.tw/files/16-1000-2445.php?Lang=zh-tw","5.當孩子的戀愛軍師 汪詠黛-"
"479","婚姻和小孩如何平衡｜連小娟｜媽咪拜MamiBuy","https://mamibuy.com.tw/talk/article/90268","婚姻和小孩如何平衡｜連小娟｜媽咪拜MamiBuy"
"480","[PPT]
婚姻與戀愛的經濟分析","http://www3.nccu.edu.tw/~jthuang/love8.ppt","[PPT]
婚姻與戀愛的經濟分析"
"481","7-10歲的小孩的眼中,戀愛到底是什麼東西。答案都讓大人們慚愧 ...","http://tw.gigacircle.com/2327377-1","7-10歲的小孩的眼中,戀愛到底是什麼東西。答案都讓大人們慚愧 ..."
"482","從《月薪嬌妻》看東西方戀愛觀的3個差異- Madeleine／說世界的語言，圓 ...","http://www.cheers.com.tw/blog/blogTopic.action?id=635&nid=7621","從《月薪嬌妻》看東西方戀愛觀的3個差異- Madeleine／說世界的語言，圓 ..."
"483","三歲小孩的戀愛故事@ Jannie :: 痞客邦PIXNET ::","http://jannie888.pixnet.net/blog/post/78988929-%E4%B8%89%E6%AD%B2%E5%B0%8F%E5%AD%A9%E7%9A%84%E6%88%80%E6%84%9B%E6%95%85%E4%BA%8B","三歲小孩的戀愛故事@ Jannie :: 痞客邦PIXNET ::"
"484","「顏清標家族」不簡單！兒子小6戀愛，17歲有孩子就結，三結兩離！美妻 ...","http://toments.com/68359/","「顏清標家族」不簡單！兒子小6戀愛，17歲有孩子就結，三結兩離！美妻 ..."
"485","不喜歡孩子的戀愛對象怎麼辦？ - 星島日報","https://www.singtaousa.com/sf/15117-%E7%94%9F%E6%B4%BB/248482-%E4%B8%8D%E5%96%9C%E6%AD%A1%E5%AD%A9%E5%AD%90%E7%9A%84%E6%88%80%E6%84%9B%E5%B0%8D%E8%B1%A1%E6%80%8E%E9%BA%BC%E8%BE%A6%EF%BC%9F/?fromG=1","不喜歡孩子的戀愛對象怎麼辦？ - 星島日報"
"486","不想瞎忙！六成日本適齡女性沒力氣談戀愛只想結婚- Yahoo奇摩新聞","https://tw.news.yahoo.com/%E4%B8%8D%E6%83%B3%E7%9E%8E%E5%BF%99-%E5%85%AD%E6%88%90%E6%97%A5%E6%9C%AC%E9%81%A9%E9%BD%A1%E5%A5%B3%E6%80%A7%E6%B2%92%E5%8A%9B%E6%B0%A3%E8%AB%87%E6%88%80%E6%84%9B%E5%8F%AA%E6%83%B3%E7%B5%90%E5%A9%9A-124959127.html","不想瞎忙！六成日本適齡女性沒力氣談戀愛只想結婚- Yahoo奇摩新聞"
"487","戀愛大學 6/25(日)【萌寵愛聯誼】(毛小孩專屬聯誼！)-Accupass 活動通","https://old.accupass.com/event/register/1705020327128646882610","戀愛大學 6/25(日)【萌寵愛聯誼】(毛小孩專屬聯誼！)-Accupass 活動通"
"488","她其實是熱情率直的小孩！如何跟白羊座談戀愛？ | ELLE.com.hk","https://www.elle.com.hk/astrology/feature/in-love-with-Aries-Ida-Chung","她其實是熱情率直的小孩！如何跟白羊座談戀愛？ | ELLE.com.hk"
"489","5歲小孩告訴你，什麼是談戀愛，人為什麼要結婚on Vimeo","https://vimeo.com/178128744","5歲小孩告訴你，什麼是談戀愛，人為什麼要結婚on Vimeo"
"490","【一条】5岁小孩告诉你：什么是谈恋爱，人为什么要结婚_搞笑_生活_ ...","https://www.bilibili.com/video/av5723568/","【一条】5岁小孩告诉你：什么是谈恋爱，人为什么要结婚_搞笑_生活_ ..."
"491","問與答| 戀愛乾麻醬","http://lir.38.org.tw/faq-page","問與答| 戀愛乾麻醬"
"492","國中生談戀愛爸媽贊成嗎？如果有，你又會怎麼回答？ - 親子寶貝館","http://babyonea.com/11471/","國中生談戀愛爸媽贊成嗎？如果有，你又會怎麼回答？ - 親子寶貝館"
"493","超精準！從家中子女間的排行序看你的基本個性與戀愛觀|觀光旅遊 ...","https://www.vogue.com.tw/feature/travel/content-24967.html","超精準！從家中子女間的排行序看你的基本個性與戀愛觀|觀光旅遊 ..."
"494","[電影] 戀愛教室Superstar、小孩不笨2 @ Without you I'm Nothing :: 痞客 ...","http://cattyhsu.pixnet.net/blog/post/18031685-%5B%E9%9B%BB%E5%BD%B1%5D-%E6%88%80%E6%84%9B%E6%95%99%E5%AE%A4superstar%E3%80%81%E5%B0%8F%E5%AD%A9%E4%B8%8D%E7%AC%A8%EF%BC%92","[電影] 戀愛教室Superstar、小孩不笨2 @ Without you I'm Nothing :: 痞客 ..."
"495","家长发现孩子谈恋爱该怎么办？_关于早恋_100教育家长学院","http://www.100.com/article/301702.html","家长发现孩子谈恋爱该怎么办？_关于早恋_100教育家长学院"
"496","醒醒吧!好人! 別聽你爸媽的話談戀愛！ @ 你要當好人還是廢物? 全台 ...","http://gn00116743.pixnet.net/blog/post/46103658-%E9%86%92%E9%86%92%E5%90%A7%21%E5%A5%BD%E4%BA%BA%21-%E5%88%A5%E8%81%BD%E4%BD%A0%E7%88%B8%E5%AA%BD%E7%9A%84%E8%A9%B1%E8%AB%87%E6%88%80%E6%84%9B%EF%BC%81-","醒醒吧!好人! 別聽你爸媽的話談戀愛！ @ 你要當好人還是廢物? 全台 ..."
"497","上海女子放棄戀愛直飛澳洲“取精”生小孩| 中國報China Press","http://www.chinapress.com.my/20171213/%E4%B8%8A%E6%B5%B7%E5%A5%B3%E5%AD%90%E6%94%BE%E6%A3%84%E6%88%80%E6%84%9B-%E7%9B%B4%E9%A3%9B%E6%BE%B3%E6%B4%B2%E5%8F%96%E7%B2%BE%E7%94%9F%E5%B0%8F%E5%AD%A9-2/","上海女子放棄戀愛直飛澳洲“取精”生小孩| 中國報China Press"
"498","戀愛中我們都需要私人空間，為什麼面對孩子卻忘記了？-親子關係,小孩怎 ...","http://www.spicemami.com/thread-37311-1-1.html","戀愛中我們都需要私人空間，為什麼面對孩子卻忘記了？-親子關係,小孩怎 ..."
"499","【育兒經】1Y4M 讓孩子主動與環境談戀愛，發揮創意！ @ 圓滿三口組:: 痞 ...","http://syhi1019.pixnet.net/blog/post/413740909-%E3%80%90%E8%82%B2%E5%85%92%E7%B6%93%E3%80%911y4m-%E8%AE%93%E5%AD%A9%E5%AD%90%E4%B8%BB%E5%8B%95%E8%88%87%E7%92%B0%E5%A2%83%E8%AB%87%E6%88%80%E6%84%9B%EF%BC%8C%E7%99%BC","【育兒經】1Y4M 讓孩子主動與環境談戀愛，發揮創意！ @ 圓滿三口組:: 痞 ..."
"500","陳曉東(Daniel Chan) - 每個人都想談戀愛(國語) - Album Version - KKBOX","https://www.kkbox.com/tw/tc/song/ruV.TYNx3008b.8rdgrdg0On-index.html","陳曉東(Daniel Chan) - 每個人都想談戀愛(國語) - Album Version - KKBOX"
"501","不與異性結婚，不要小孩，不出櫃，不談戀愛的同志究竟是怎樣一種內心 ...","https://www.getit01.com/p20180127637271256/","不與異性結婚，不要小孩，不出櫃，不談戀愛的同志究竟是怎樣一種內心 ..."
"502","學佛了，可否談戀愛或結婚？ @ 菩提彼岸:: 痞客邦PIXNET ::","http://bestzen.pixnet.net/blog/post/55019505-%E5%AD%B8%E4%BD%9B%E4%BA%86%EF%BC%8C%E5%8F%AF%E5%90%A6%E8%AB%87%E6%88%80%E6%84%9B%E6%88%96%E7%B5%90%E5%A9%9A%EF%BC%9F-","學佛了，可否談戀愛或結婚？ @ 菩提彼岸:: 痞客邦PIXNET ::"
"503","丁雯靜陪女兒一起修戀愛課：媽媽當軍師，教女兒談戀愛 - MSN.com","https://www.msn.com/zh-tw/lifestyle/relationships/%E4%B8%81%E9%9B%AF%E9%9D%9C%E9%99%AA%E5%A5%B3%E5%85%92%E4%B8%80%E8%B5%B7%E4%BF%AE%E6%88%80%E6%84%9B%E8%AA%B2%E5%AA%BD%E5%AA%BD%E7%95%B6%E8%BB%8D%E5%B8%AB%EF%BC%8C%E6%95%99%E5%A5%B3%E5%85%92%E8%AB%87%E6%88%80%E6%84%9B/ar-BBIba6p?li=AAazr0y","丁雯靜陪女兒一起修戀愛課：媽媽當軍師，教女兒談戀愛 - MSN.com"
"504","《轉貼》一個已婚的女人給所有戀愛中女孩子的忠告@ Just Women :: 痞客 ...","http://justwomen.pixnet.net/blog/post/48227214-%E3%80%8A%E8%BD%89%E8%B2%BC%E3%80%8B%E4%B8%80%E5%80%8B%E5%B7%B2%E5%A9%9A%E7%9A%84%E5%A5%B3%E4%BA%BA%E7%B5%A6%E6%89%80%E6%9C%89%E6%88%80%E6%84%9B%E4%B8%AD%E5%A5%B3%E5%AD%A9%E5%AD%90","《轉貼》一個已婚的女人給所有戀愛中女孩子的忠告@ Just Women :: 痞客 ..."
"505","[愛情] 學生時代的戀愛要怎麼說服家長老師？ - 翱翔的姿態","http://tuanuu.tw/love-we-are-students/","[愛情] 學生時代的戀愛要怎麼說服家長老師？ - 翱翔的姿態"
"506","申彗星(신혜성) [Shinhwa] - 어린애처럼像小孩一樣[戀愛的發現OST] | 優 ...","http://www.youtaker.com/video/svb5-8112cc44be0a4805a91c4ce1516b54f9090.html.%E7%94%B3%E5%BD%97%E6%98%9F-%EC%8B%A0%ED%98%9C%EC%84%B1-Shinhwa-45-%EC%96%B4%EB%A6%B0%EC%95%A0%EC%B2%98%EB%9F%BC-%E5%83%8F%E5%B0%8F%E5%AD%A9%E4%B8%80%E6%A8%A3-%E6%88%80%E6%84%9B%E7%9A%84%E7%99%BC%E7%8F%BE-OST-.html","申彗星(신혜성) [Shinhwa] - 어린애처럼像小孩一樣[戀愛的發現OST] | 優 ..."
"507","[PDF]
篇名： 談戀愛對高中生的影響作者： 林亭妤。私立治平高中。高一忠班","http://www.shs.edu.tw/works/essay/2008/10/2008102914085396.pdf","[PDF]
篇名： 談戀愛對高中生的影響作者： 林亭妤。私立治平高中。高一忠班"
